SHA,start_date,end_date
982ce9c56af6a19468ddcb445650eb154b0c884c0b103a1234247fb794acd2fb,2022-01-12,2022-04-12
d58779c3313ef2f32bb4287da6bb8490571319688c4f2d0c594f5346e89bba27,2022-01-12,2022-04-12
9e350aeb943ff7420799ab5f65b5dcee725ed2153b7cb3e4b035ef491bacebbb,2022-01-12,2022-04-12
0995d38a76086345a84127776d86044b7de10d3c809bcf4dbed27f0102c117fe,2022-01-11,2022-04-11
efa477b09feb8936b593db843bf48241e1a65959b4816cb35e9e891514845a57,2022-01-11,2022-04-11
2c79171cda71e7252a08d754e952a33f7938950b4c3d62740f7e140418ad0410,2022-01-12,2022-04-12
2530563872a30bc5c19409060159cf74dc75a65883870f7abe173ee57470e404,2022-03-13,2022-06-11
9abb50360e49d1f85369209cc689a53cd4cbe766b7e18374c032fb97f1eeae2a,2022-03-12,2022-06-10
31296f386ad1d33d0c672da6724abb11cda93f6620867749498e0998a539e2ca,2022-03-13,2022-06-11
c6634e8f78809e38efa0882000ad4d38c0aa7a7277641eac7e1b06d27a67f96d,2022-02-13,2022-05-14
6f951aa289167c5b2bff57d1f87844cff509553e0c211011c24b5b69deea594e,2022-03-13,2022-06-11
fba7e5d651ac0a4a1f4a26d1518e9c0f06003a9f2aa99a5c3286961d6c7ebae7,2022-01-11,2022-04-11
cb2dcfb9d1d01c00d8a6a6893cb7d8ba007add8ac35ffea2deed36f1087c52cf,2022-03-13,2022-06-11
0b64a7fb05f34ae81c12a8c665650497c8c6afe303050e37d7f748c2cb974907,2022-02-13,2022-05-14
fc738edad84d84e7e9b2022a61889758f65b26ef084e182053775f599d0b7dbb,2022-01-20,2022-04-20
82eda90c626112e8c2480db7a0e4d7bf9065f0e9415110ef165d235fc8b534cc,2022-03-12,2022-06-10
700d32536ad96931b231505802cc6b524b87b19e5344b1745abd9924c1594784,2022-03-12,2022-06-10
a2f8e687752c313d0496ba21451932370ec37c7274db4f19697299104b9392f7,2022-01-11,2022-04-11
6c5200e2488d83e801d4fdd6ee2cc0fe669f557441f1dd561d54fea9ca49aed9,2022-03-09,2022-06-07
fa9df8928cb64781ab065118c3958e6b6a61b0d59395572777d229d57f75c70d,2021-05-15,2022-05-14
5ec19dd0a1836fa4b20c3fed4355707d23e7433392fdfebd4b0e06177bf18c79,2022-03-23,2022-06-21
efe297916af357020fb837c4f2506057b67d78a95d97b85b757bed3c3f922c54,2021-05-15,2022-05-14
f95562da1dd127b5ba1c6e5672a0cacf24d2439a288a59ada3c8eb33bb0c92e7,2022-02-21,2022-05-22
16306c9ccc4e612701842a7885ef2524e456292e8fff341d065eac6db7d458bf,2022-01-24,2022-04-24
11ad8c3fc2ea5e6df34b40274b7d22f68fb79efe80caecfbc923f9a9c985c468,2022-01-30,2022-04-30
9e2ad64b475fce1fed0a923834f8748377a7b00181a2fff193ec1d8bbada4b85,2021-05-15,2022-05-14
16e14527b1926ba859a48cefdb76161702f76ae43c795bd2b022119b6092835f,2022-01-30,2022-04-30
ba46a8a9226df1e1cfb95cd16fee19eab1c9282445fac7981ea8d8f19da8c6d8,2022-03-09,2022-06-07
664d60066ed1c4cbff30a2d11de57e42806395ea9fc96bd9d0dc5e356826912a,2022-01-21,2022-04-21
ae2759cf608787427ba9238f6b96c82e3ce750b201f25a3e9134a0f64306544a,2022-01-30,2022-04-30
594844bc56d4280b7cf1de35caaada34de43fb975d43f64c3d9e8ee97a70b438,2022-03-22,2022-06-20
6c09ae78f70c48c53e964d5fb642005564da7c2737b5854ed793212d4a1002af,2022-02-21,2022-05-22
4738ef3d5a4bc76807d72762f8028898f514ff82eb2c3e36989e11facc0243f0,2021-05-15,2022-05-14
90fa7a8a971cd327be29c7b26ecc80922ae68da7020d0d15b23623bf1ce11f80,2022-03-08,2022-06-06
cf98a58972bcac21ff1ede2390583bc97c7c2419cf33838d842ed59006e77bdd,2022-03-22,2022-06-20
1ef564c9834be9ddf51ef6bf10c2520a7f9f220132f21c7a51a0ce51ebe2c069,2022-03-08,2022-06-06
f1b56bdeabbd73c53430e7552353a8ad0fdfc2ab03d793e79e433ab11a2cf7a8,2022-01-04,2022-04-04
a5cfdd81aef8a859bba0829f3be4333556499bf9b560f2cc033f3a47dbee8820,2022-03-22,2022-06-20
3a520c22aaac3222a981b98584f4817d462dbb8e439f9ddbb2436d7d9924f543,2022-01-30,2022-04-30
e8b6acb61047f0ca3f0d878202d809954306ea3799e20457229cfb44451d9d79,2022-03-22,2022-06-20
a95e6f9787a3e83392b96a63c90ee50361fd49ae7d7d54ba3db3eb5f5993f4b1,2022-01-21,2022-04-21
7ddc54326399c6cf99e31a0dd2a49f8d4267d18da3728284d8018c0c0150eb3e,2022-02-10,2022-05-11
3bcdeadddec60d32b9a1c7ab2d0e8740db7d2304c20ec7058709fc23ce902821,2022-03-12,2022-06-10
7b680496c3f0c8444ff736a09121de571c05eacff7afaca0bee6705a57ef91b7,2021-12-23,2022-03-23
6059453acfa2d635cfccb59cd392aeae72a29213a95fdf567baaf9dc972c2c5c,2022-01-21,2022-04-21
50deed079033867e8e3015c583de192f015e1616154fb75ae5c6069e5c78e176,2022-03-09,2022-06-07
9d427f71e8f8ef8f3b52559c8a8bef1d7d0f74d8fde3180f81ad3c3bac48bb24,2022-01-24,2022-04-24
54b4f87d4894dd425f83c491f228d2502b54058540e3e2cc5d7d6e06ef6886a6,2022-01-20,2022-04-20
21c2604f3f0fb2d406709828c8c3fe2979f9ac894c28dcdcf80b6420b22ad45e,2022-01-21,2022-04-21
18ab82621e08e21cfceea6ea68253ddc711e6c2742acfc560dd7213f80965470,2022-01-21,2022-04-21
bedb10a751ee5ce49b12251b1e31f34e6cab9f42afac7b6bfc13338bc83cc1c6,2022-03-14,2022-06-12
4cb9da65707bd3b543d861d27a4587b063938a74a22efb324db76847372e60db,2022-01-04,2022-04-04
2e89a05074eaffbb81e31e5b2a49355394142911dc63672d544794f2c00a5a91,2022-01-21,2022-04-21
1f9afb54354a037d6c7ddc62eba5240f1cbbef3a3ad3efabb18f0c0f334e53fb,2022-03-23,2022-06-21
8dfcc1ec8f438cae904649922f023f825d8b40a70106c2073b0b4e8c9ec42a8c,2021-05-15,2022-05-14
aae5ead15d6a4a115a4e20a7a62a2f46fe12e52398c7bb08692259b673e0477c,2022-01-11,2022-04-11
015a06b2e55f04c0e7b263070a07300a164f603cd87ea36dd649b5792a490a8e,2022-01-21,2022-04-21
7c5230deadc74a05f1d6de1191b933afc22593235691b046cfcb462130ef4ecc,2022-03-22,2022-06-20
70931c1def29f3897ee8ad019eae114269439aed25fd2cc91c1427439b1b31be,2022-03-09,2022-06-07
b3a0fbecd617e3f535bb2aff5bd810203d1b857c823a9bc543185f485877dfda,2022-03-22,2022-06-20
b417008abbb428d0dd9b05ed0b93ba90c78823f22b9c56dff83c1d561f7dac15,2022-01-21,2022-04-21
78ad4a1234751c304b6497c140bb8139181ea8a963f09749d7fa12c222441590,2022-01-10,2022-04-10
75777183d9eeae44a6814623bdc1880593dbe3b581ccf4731261d2155d507ebe,2022-01-11,2022-04-11
592caae11d484b07f3fb02c19b6dc669ad4e14b4b168d72078a3300cdabafc45,2022-01-21,2022-04-21
56ecef6150cbe538a242f43f9c1264d9b07d3966ec922c28b8865918eb4f9ba1,2021-05-15,2022-05-14
89a31d93b7802da49bd481b94030c3bff5fc9fced7ebbf72978cada5bceafd1c,2022-03-22,2022-06-20
74b35d5bf54c8b429b0e4ff8c27741df4d09679aa7b47d12bcdd0ff20e99b0b7,2022-02-10,2022-05-11
ed7b604cf20d95e2c259587d9304dd03151b528f4a8fb61577a55537635fd8c1,2022-01-21,2022-04-21
0e04498222a544331ea034edda76433d2a16bef9182de1478e340057759ae62a,2022-01-04,2022-04-04
e33d79adf4703fdcf3035707a977184ada96fdf357e9c311f1b13265b94400db,2022-01-31,2022-05-01
0d2871aa1f835a875f3eae81c974847f5527b361081fcc08b11cc730876aa9be,2022-01-18,2022-04-18
ea3a9bb5a7ffa7a3d46a55c76d0883166af01efe07d25be6e2d8b3be08979dc1,2022-01-21,2022-04-21
ec8ed617033ad118d89bcf43ebdf7ab9538470114dfdcb69b52cb02c12dfb242,2022-01-10,2022-04-10
8ad7e46d942a16081093699d0162f6f90598f47c2795f06e0cc3bdd617d99a87,2022-01-16,2022-04-16
8223695a16ca50d46eda96668080dc22757c617eb7c10915113b78d94e4a5da3,2022-03-22,2022-06-20
4e2dd3d7fca34c4568c807a1282806365148110c759ee28d8f00bc54c2416465,2022-01-04,2022-04-04
d91939d00698630f3ec089a0960e61fa1e4c4643da087845f3a136c567f5b178,2022-01-18,2022-04-18
c450839c6ea0214fcc6c084b2ec8a2b03bec3e2c7c7e4f67a6c8110ba8806cfe,2022-01-21,2022-04-21
1396f5851eef5c77b4f796f5fe5a1ea70742699d5eb386e66d69f7d648e3c153,2022-01-04,2023-02-01
ce4b0e92ad24dae62e5e15e4c51d5338e113e033356400a92a3c203ed8e60cc8,2022-01-21,2022-04-21
90814bd0868b1c661dd4e856dd8cd6548cd7d59d45927f6b4db35eccd2c7a342,2021-12-26,2022-03-26
bc8ac7f6143c73748c725fca300fcf60bd8693b244c92ad4c55582351b5374ac,2022-01-16,2022-04-16
71ef3685db82b2f63bbe4b589677f728833f650a9bbf26d7a24bfbcd1bfc6be3,2022-02-12,2022-05-13
cfaf7bfa9bc6202a51f72b9e97a8773a0a4e37f44b4b396af852440dde329509,2022-01-21,2022-04-21
671172b1f8cd82b7b7aad0ec3392f16d6d9da3265cf6e28fbb1e2e6208cec540,2022-03-19,2022-06-17
4a5485e1c4d135100fe1bf43d07a7a2014f684736e6c3a62574b2e656e2fff24,2022-01-21,2022-04-21
bcf38cb1d22ca05bd8b99b5f0bbffe55f174f681d64bc72aeb1c4c6d3ea20ffc,2022-01-10,2022-04-10
2d3d92cf8798bcd59626cac8ba5a248d1b1909582e27963d43fd03353a69e94c,2022-02-10,2022-05-11
b0ed85712d4e1518033fc9530c91d0ed8ddf94e74ccde46b0a9ef50603710fd9,2022-01-18,2022-04-18
97ace67433abf974a2e5e5f45056d462cc57c42f5c242b9bed2357ea07514abb,2022-02-22,2022-05-23
f5ec4f00c37a0e8d839c6a496d7446d744ed1feacee40230830924d45f193d09,2022-01-29,2022-04-29
1bde0374fe121b83eaee5305043961e39057cdab9f2a5114e709f008c0a3b208,2021-12-26,2022-03-26
f729ecb74a03103a483533240fbbe3056901098cb09471bbb601ce991ef3aa78,2022-01-18,2022-04-18
135f3bf20371e399da593ed046900ac7d8b7fa8f1d82f1e8c60e9015fd660046,2022-01-22,2022-04-22
6bd47c2f25b59dfa1ec1c28f024dfe0cf113eb124190e89c1299fa3406ac22b4,2022-03-19,2022-06-17
8f4802d6bd3b9f27b5a022da8aa72e29a8745a8d2e31afc121ce70c6c677545e,2022-01-21,2022-04-21
5e2805eea19947b7cf1c28837c923ee52f32da521b7271478a2137af918f3f04,2022-02-24,2022-05-25
540c9eb45e536c0beb002b577d5c10ab8cd070f14482ee16c2f5860dbc9a90c2,2022-01-21,2022-04-21
f12afdb7722373d341be07ec6c016a349549e0f7c72a0c3e95d087ae38d1828a,2022-01-22,2022-04-22
ebf6068a419861a1be8e4d78a558791e71b3770d982aba0b60feb36221702d9c,2022-01-11,2022-04-11
c904a9ebddcbc3d9d1f082edab97efdf10863dd6eaee177f679f1ba5728fa189,2022-01-21,2022-04-21
dbc1d8f5dd327310fdbf30d9863a515564b27ac6835a978e1060b232e9c4ce40,2022-01-21,2022-04-21
15b039b80b0a3ecd2173fa015dfdc81b39d62ac576c3c0ed2d49e8ea13df2a13,2022-03-12,2022-06-10
fd61667515d63dc07e2415769ba73bf5dfb2c810dbcd9e27c981db89eb085960,2021-12-25,2022-03-25
28016ff42fca3c7ab92d5f7bff82cccc8ecd6645570ce4b23564029d1a157ea8,2022-02-24,2022-05-25
4dd7139bb7d70b4ea0b1c4716fac8e5326bfec63c8a6ddf6437cfcae82a6664b,2022-02-24,2022-05-25
7913a03eef75fb562c5ad921df189f687f1d3f67948730d23bb32b81f5d401d8,2021-12-25,2022-03-25
438860910edf5bb583bb822d3696e5af88a0f44586da790600423880928a4ec0,2021-12-25,2022-03-25
18a8c3c7dc9f0283eb38337753718fe0d3eacf7a9c24dbea4b561e0457a9a2c1,2022-03-19,2022-06-17
bb2b45680745b58d827e4b41f3382241761b16faf388384e53f9a2a30f8d2964,2021-12-26,2022-03-26
83214e977bba0060da7f028583d3fda2c679c1f3e6b7db3249a2d121d421519f,2022-01-21,2022-04-21
40ceeef515cf845e72719f526319143166b4070ab553ee371cfee52ded3c5002,2022-03-19,2022-06-17
0f0a775922f8fd6e9bac0e07e4050989c7d064f06cb16a616c68efef99cd38d6,2022-03-14,2022-06-12
f3cf2182f50dbf3d79f62d4bb722dd21fe840f4dd1eb9e38f452e9c878763900,2022-01-18,2022-04-18
1e5d2f4866f3312814584b737ad0bb966ae32cd94ba50623f5258b37f43b8f51,2022-01-18,2022-04-18
de97e4b8ea937a5fb0c2f4f18be644383c5c1283bdf9c3bcce8582cff5acc40f,2022-03-12,2022-06-10
3015fdc9d2dbe7cb58e78b34a89c41dfc54402da20a8e60e3ec12f11847f9c79,2022-02-23,2022-05-24
f0921a810891323caf18502d6ac18a4c55e82cd83a763f3a27ad96d015267f2e,2022-01-18,2022-04-18
d51f3c37201bd606742386bc93a3e895d7c225ed5d27863fe2f8cf40f2411bb6,2022-01-18,2022-04-18
d589a4922e93826e086009cc990cbd7829e9f25762eeeefa2f6702b5eb86d3f1,2022-03-19,2022-06-17
5877ac329e4f992e69cee4b8aeec248fb0ff0c1ff4e7ee5898ac993e55fd976e,2022-01-29,2022-04-29
0d08fa9cdafe310ff733bbfc102ab2c42c974aa83d07570a686880acefb212d1,2022-01-30,2022-04-30
0edad41fb4552a98afdc148822bbaf8a87320d411d2e60438793b07effdd7f12,2022-03-19,2022-06-17
8f47b13c967dc9a6567d19898da09733ff2c084ebfdb428d65bf8a8899d692dc,2022-03-23,2022-06-21
9d42dffe6f19328bcd8188abbf84685b7579e5cd58850d72e4e715bee04a1a65,2022-02-24,2022-05-25
241fa655c0ff1e9442696921fb20d965f9bc3f3c2a44dc135adf02c064ed07a6,2022-02-24,2022-05-25
7c96f0801d3489e3691d8e1f7e4b9b22a4476c5cc7667773e62c1f6f86871018,2022-03-19,2022-06-17
071fc7fdad5726c485ebf2095119019d96c59e9c36893b05168e593338429a07,2022-01-30,2022-04-30
9e6d1fd83c478e0eb81bd2c4f3de86475ee148c4fe76cdc3100ceaffdec6fde6,2022-03-19,2022-06-17
bd979042de00b64bbb7cd7fc6daecd5ddf7d7fb312ef0df20ca0e127fde5a768,2022-03-22,2022-06-20
0649a042dfc2f7b21fa44f7d598c21dc83c5fc6c2bdb78727067a34e6996cb6f,2022-01-13,2022-04-13
f20fa1f563e25984386aa256d7a7fd4d86ee1e516d5b508b7d5314910ad8aefb,2022-01-21,2022-04-21
578c64b4e83a4513bf3a7fbf263a3f40a373227660d649f065722d63ecadcf3d,2022-01-18,2022-04-18
24723214be1ab92ce54e6ae85c4a7ef7c3a881c3ee1485344b0b2254b7b40b37,2022-01-29,2022-04-29
2822fa5f748bd1a4d4af437a0dd8b317135b4e123f06884f96582f470169c23d,2022-03-23,2022-06-21
fce70b59e17a12ac5f9aaf58fc2433a808d5069ba34fe3a3772ff6292f8a26da,2022-01-21,2022-04-21
1c931da2bdd17afc4d2a28f92fc09723616eae87b447425de64db7efd5920951,2022-01-31,2022-05-01
1f40520cc9714bb956f901941a14494216a0ce3bbfb94e33aeeca3d40ecec85d,2022-02-23,2022-05-24
f2875de430338d0cca1337d5a6dd9c480bff893248005c92b5377d09e0db3527,2022-01-18,2022-04-18
d1bab10621811e4762ec2914e0967db4095980fb56846b92607a472c7e567621,2022-02-24,2022-05-25
9c010ab07fc98b68618108097337e26a336a2990096af937de671eb35852f79a,2022-03-19,2022-06-17
29d44688aae8bfd41a9c1f0b4bbf60e6532d4c9ab4bb2f486900d92d5e197430,2022-01-18,2022-04-18
a1816c4ae7b4129add855b31a61534056c4ecf7d3a52997aaba2c799d7766b46,2022-01-30,2022-04-30
ff3a96f345c331341ad6318379d34b681c4005204b4ed16bab7ce2197d5ac77b,2022-03-19,2022-06-17
6a730a777ab10a1571125a853461708d9140f2696cb0ad2bde47020c0f507237,2021-12-26,2022-03-26
07e1ab68f34092c2444c44df77fc7dd5889bd874e14584a63bec21465a7f8457,2022-03-19,2022-06-17
c79fac2fc398273381067bf5617a094d6819731f7ae7bf86ff904eb929dea4f9,2022-01-30,2022-04-30
40e26db735e301cdd71c88729bb6b756919d7343bcd8dd804473da00234face9,2022-01-04,2023-02-01
dd4b9c418cf29efac95683808fa78840cff7166a304664e7a51fd8ba6f9749d5,2022-03-19,2022-06-17
a3fcbcbb4fdc40cae63a2e0aea6fdbef0ce0a00478c9899b742a022581638fe1,2022-01-30,2022-04-30
8f649f4a3b08adc349f404a57e23c82aade6069e4241f4dc7e20ed1aff9f58f8,2022-02-24,2022-05-25
9772b4b591ca7de7caf32c89de2399e3a33e9eca91bfa638957ce45131055175,2022-01-29,2022-04-29
3f3f89f528411e6edf4b5c4e93a5d8dbb4ac8c01e503a48d8dc57e37bc5132c3,2022-01-18,2022-04-18
f0683eead2f072aa5e9a98888f45f6704505e550c9694751685babbe0fdd3369,2022-03-19,2022-06-17
d0a91613728dbf14d5c1cbfd0bb9541b904a22936ce3e21fb831fc16a9936e3e,2022-01-22,2022-04-22
26c22952adc72ba09d4ec11f199c5cb75477604f665368eedf2d7e763cda9d15,2021-12-25,2022-03-25
65073d0eba57320dcf88396bb30180020b8ced2defc687a0ed750a01d44198ff,2022-01-29,2022-04-29
b9120fc1eddf9fcf4280dde202ee5de79ab5577190a974f0c0d5e04e67a21b31,2022-01-18,2022-04-18
0331708cdcda5b7738af6dc8bcbb9d48090635e46c56a5a4ed6b14c8150aea9c,2022-01-18,2022-04-18
720db1df6c75b8e9ed64c8090cdbaef938a82c5c05186b4efee12e9571c19c2c,2022-03-19,2022-06-17
aa1715750bd2aa5271e4422311ecc4098a3429ceecb5107cf07c281fa1c803a7,2022-01-30,2022-04-30
25346de8d43bf7c202adb832a8e772be5741d71898795ccff8ae0d70154de717,2022-01-29,2022-04-29
ae5e58b93bf696df1c579213ea049ab3d29798419e86237be11fa577ce850c2d,2021-12-25,2022-03-25
d760cc16c58def59fd477c3c9e006d82c789de71e36504b004376822805732c5,2022-01-18,2022-04-18
43d5357195537564ec32aaedeefc4f777d66efb2b86d8e83cc19fcaa2eddd318,2022-01-30,2022-04-30
a4ffb2616b3bd5ef367470813b6c02dd0ffeaedc35a90552d9ea5a17671716c9,2021-12-25,2022-03-25
c7679f48814f50f552fc7d2d0312007372d0dffc9bbfb7729be88273b5cbbd91,2022-03-19,2022-06-17
086ff51860662fba2288d33a627cb74d1f1cce3cd970089da4a334839649fd4b,2022-01-18,2022-04-18
973b81b4a9e074272a01e576cbede3871f330b3baa68b492dbd6bd1a5a47a517,2022-03-19,2022-06-17
94cb8594664c4b334675c334759cdedf103b73b5cb56c2dc8218973f0fb81d92,2021-12-26,2022-03-26
b4ff96e19e1a2980f2b6a59f267056aedad24df79131633e0bf8ecb3db9119ff,2022-01-29,2022-04-29
650b54dda55aeb8fb784f6c5894654693439894ca987e5ba2b592e849b6fd947,2022-01-10,2022-04-10
a15c2faf9b795068460b27d574fc308b9784588ad3e1b8d1d440da9e52fa2dde,2022-01-11,2022-04-11
ed41a2acfba5a280ccec36089bd1ac21dfa1ad3a982c6639a91a3bceedac7b21,2022-01-18,2022-04-18
070bb12c17ab93e57e8629d886a5597e5044238c448b850a17f18d2daccac02c,2022-01-18,2022-04-18
4c41a1c5bfc377118afe6ef1e605ddd806499ca953336ff517fb496b783c5736,2021-12-26,2022-03-26
22736a0c26fafa2b225a710615eb33e12b73cb32e407092c63927b347711ec1e,2021-12-25,2022-03-25
1f9b613015c15a0f2d3bba84dbf396643eb00833c00664588e21b464ac3d7938,2022-01-29,2022-04-29
e88a35c355f94947785401e23ce1d8457ba8c8759373fa130c60a95c11dcd0bd,2022-01-21,2022-04-21
b92e21a19cb2b5db7eb291db11891e5e5cce52269d17ce9b9fe1a9f174d122b4,2021-12-26,2022-03-26
e58316ef11453f096da096baeb387c6874dc04b1884b57e903ec4aa48e1f5f2e,2022-01-18,2022-04-18
294e619f4080a20b48e0d1dba9da287cdc2027605f8e1725a18cb4518d8a4248,2022-01-22,2022-04-22
a12b7da4b0cc7cdeec4e3d1f746e16e5d3f032437e37066971b6979c5f5e35d3,2022-01-18,2022-04-18
79085ab3c4dbb3bf67d093536dafedc927494cb27cca085bfd817917a1c3b506,2022-02-24,2022-05-25
9a1e8a9033802864dd932f671a29bbc899b9c76f7b182d5f134c7b901bcbb20a,2022-01-18,2022-04-18
3bf975f396921a7888a0f772b27a41757ed80dbbf4917b976866361def6c1661,2021-12-26,2022-03-26
35d7ac7418ba93b2474d9924291a970cca3e06b617fd72e9d4b20510330a6df3,2022-01-30,2022-04-30
0648443e653b6ce8265b135ea528d637d500f048f07aab612a6d0f1e2975fe20,2022-03-19,2022-06-17
191fe39dd0a469f7fc463180be434bda5b4d1aed637a6aa95eb491d9ff871306,2022-01-18,2022-04-18
8182611d9b08c688f3662a9b7ef26a779c39e544fe36af06e1f90a6edfb9d8ea,2021-12-25,2022-03-25
b4148d9c8406605ba9c7e46c7d74c4190498c6c2fe1b85dbe5442a66d2693199,2022-03-19,2022-06-17
e0c6f03b30ea12503d7e7dd5a7d916f20d364cf7d8e013b6d7612ac5e0ae87e1,2022-01-11,2022-04-11
31db69a3e3709cda5836812811ff2d3964dca6f9b4059ad9ca95a8b52158f6b7,2022-02-24,2022-05-25
7df6f8b27ac64aeeafd800dc79feb256a1f14378586a015872229485fb7daaec,2022-03-19,2022-06-17
efe0e52dab1f0c7d1784c993de99b714c36ed5a8ba6ca556390992a554e401a3,2021-12-25,2022-03-25
e9b6ebf2630a520f67542b1d5abd0f13ecf216ff4b27a6fbcee3cc17d7f75e30,2022-01-30,2022-04-30
7bca99ae8cbaf729ba3f8b3b3b8388eac10ed01702a7278329a8cfb3298f0159,2022-03-14,2022-06-12
5fee9fc42f433280c3710d692f69d78ddbbbe6addeaa8dae4c69bc7ca072a787,2022-02-24,2022-05-25
b23eccefb59b322efe22d11599d0f9844182cfef62592ef508fb6a635ef176ec,2022-02-23,2022-05-24
0f5dfe120e8e85d8c9fccc0fba7a9bc160dabe0d9a18378c4ae4091c0eb41084,2021-12-26,2022-03-26
8b92b38a2b25bd4501083b91f9ae863b625cefb94f7ae48f87672056054efed6,2022-01-20,2022-04-20
39474b28371448168b57ac69fc212cf0b2e08f66e4a3bf19d402a1d7dd4e6b33,2022-03-23,2022-06-21
fca7afe3b4e17cc1fecfea8c64a66f33d17018550f32b03aa7129fe2fe073448,2022-02-24,2022-05-25
1022455c969f997898eec057a34440a8b9c5a6c7ef44cd2e136d8980106711d9,2021-12-26,2022-03-26
c7c016653e9fd68e600c3e342e4d73dc9302921b521babb2e183875edcc62e85,2022-01-18,2022-04-18
e022386b2c8ca1fba53afca4e5d042ab36723a7d218764d2967e4f79cc23d529,2022-01-18,2022-04-18
05b85dee048395b7dfa30b8de1c346e59a38864a701bf3e8bb32b778cf79f4b2,2022-03-22,2022-06-20
0cd446ad8039e626b2cfd0e6ae8a200f7ae9d69612ce9b09c0f59d4aed35d22f,2022-01-18,2022-04-18
c259010d68a2d2b55d5747d581e63bb5ec2b6cad2d5f7d6daab98b0a294203bf,2022-01-31,2022-05-01
ab6bc924e2a0e20bc60a80a6de4d286ee1dac18c88556e7cb5068a04467e54c1,2022-01-30,2022-04-30
70859963be62f4519943131d1344f68f3922bd74ce27a2a0eba2db46564540d7,2021-12-26,2022-03-26
a5950fdf3c217ac6779751735135026d86ede61c629b13043f96626a435127c6,2022-03-23,2022-06-21
33be782e25cc5aff265a364a53433466b31d890f5f2c7bf9bbc879e4ec4c5cd5,2021-12-25,2022-03-25
5f3a4e24dd893692eb0e4933c4d1523e50a95db82fe49fa12c00d3d1965b380a,2022-01-30,2022-04-30
597c9ac768b4fc0235c63af6f4559857a0bcb27c99838317f9d84d0db6a2fa17,2022-01-18,2022-04-18
97ff5d1c8c38c055ee5990b89f4291a736567bc38c4eb62005edf689f27fb1dc,2022-01-30,2022-04-30
4e760ccde1c53bacba745b72d08b830a578cb943a6231fbe9dfc4ff8d5d28aea,2022-02-24,2022-05-25
39bd9ac806f10bf8c55b1d5306ff4daff5577d7f51a73b8510b5594928b1c685,2022-01-29,2022-04-29
352782f1f8554a6a1a772db877d25406f05b0a09e52b9f5b5e2b9b2e28043b63,2022-01-22,2022-04-22
790bb7ec7701a2a4e5b81b005c119be01252513b7c92e6f1fb078becd59f5afa,2022-02-23,2022-05-24
11e6b6688f351f155f8e21a59d04a68ba2facb24c6dc74408233d5094d8116ff,2022-03-19,2022-06-17
63cdcab180e5a0f2f4e0beb063d1fccc0829b19c5951eeda8ce4acb2d4c2c7d5,2022-03-19,2022-06-17
7927f3bb9b3197770c3634576f2917f443d17bc9fd520b327fa3df10b602a73a,2022-02-22,2022-05-23
861c7f92774b2715776fdbda5c8ba0792c0ad956ee1939606a3b79336c4c43f8,2022-03-23,2022-06-21
66308bd13c6dee975c06e832a85f0acdb7874a7c50b183a0add2b3d6f3f70239,2022-02-23,2022-05-24
4b95f71f6aecd29de2052eeb6f1780b628e9e6eeabcae573b350ef0c72608542,2022-03-23,2022-06-21
353702861c3a4a58bc2ee410b5d8a4223635d4989ace654d8ad3a07c98976e9c,2022-02-10,2022-05-11
55ece7af808c19c96955f01b4563975ce341c48478f4165ab76947a7a6f73fc5,2022-03-19,2022-06-17
7b823e6eeea65850dee22f220f9cb7e98b0df65c3ae585ee9023812d1bc22f3d,2022-03-12,2022-06-10
4eb2110bdf32f36127acc930e48632c5f66a95d0d972da2aa4eae528b8215037,2022-03-23,2022-06-21
dfbe4312050aba5dea0e406b40e100e97cbad19e96e9de2279da53e508d4600c,2022-03-22,2022-06-20
6f51d9a0e8d2b236786720b25c464c5685e52f93c7946514f535fdf12356332c,2022-02-10,2022-05-11
c3743ecf26b0120bea53bcfe2ba52a7235fdb612f23260406b9ed9dfe09cd78c,2021-12-26,2022-03-26
435097d9cd81460b833f3d91ef5c0279c23c8729fd927ddae7aeaf69d05142d9,2021-12-25,2022-03-25
3d3eba55ccb220660c1b150c08ed602313b1eda4289bed3c00117c17ea9b448d,2022-01-22,2022-04-22
b999a9355555540656597dea758c67c60a0a902637312dbebb3cfbd62f626608,2022-03-12,2022-06-10
8bb725e076baadaee55da3d0dc842011514c218819058557c152629afc80bb8c,2021-12-26,2022-03-26
e137dc5d3a678975929860964564dccc01bbeb1535b6bf9c1147bc8aade4ec72,2022-03-19,2022-06-17
5266294f72cec6411774211cde61d84240072d5d3aea651f0463164aa3397e47,2022-03-19,2022-06-17
ba45b143227580e558d6eee6e27361da1f772d7659733b0e7f00a1c84c5f6e49,2021-12-25,2022-03-25
b5d3faa2fd0f7934da24f6be37693446c3ef7b551534d06aa86a709bc350b21f,2022-02-24,2022-05-25
7080efab6a54db6a71b9819febd00b25feffd5675cfeeec64284e6610539eb5c,2022-02-23,2022-05-24
d634ed465080288bc96863866ae2540a96d12e36e6ad4a5822a7a668cc96734c,2022-03-19,2022-06-17
e9d4995d8ba0a09b6a39b3b3c0f47f19c2a2e284ffad081d08f3f6fe8ad6a3fd,2022-01-30,2022-04-30
b959525b188d2cb9bab14618064485b85adb89c9ad52e31b9d1cad82ab53a350,2022-02-23,2022-05-24
e2fde7b73e4829fe10091f34db58d5750f2e5ad5f6acdfdbfc2056179593d289,2021-12-25,2022-03-25
fe296badc1f06721e31b2920bc26c843c397da0b1f1497fee46d41a3934f50cc,2022-03-19,2022-06-17
bd011106ecbcdbc3678f22b177a19137f12aafcb7f1225cd453acbec87a10e04,2021-12-26,2022-03-26
90552899f9bcc0f58c4a7333119cd1a023b0228206b7a29157805704060a667a,2022-01-29,2022-04-29
22cb2edd74207a89f14ef4a9df16596f47b3b7659ac79c9f9dcb2d6e535e51af,2022-02-23,2022-05-24
6b35111795792846d9cabeff4f6ca908e27e60c29e408d820fd974b51d8dba3a,2021-12-26,2022-03-26
c3a594e7f214ea6890630d91b8ee015c1f0da088bb3294e3d7a99fff41b41ab6,2022-01-22,2022-04-22
cab0e0bbb80e7b9d12efed0e5eb91d494ee8d8aa00afb8bd02e16add3e87a8e4,2022-01-18,2022-04-18
71a699d119b3131bd1a3417c3c8afc3a39ba0d63d1ae36b4dccf3125a76616ce,2022-01-22,2022-04-22
ec7034935d9f81925fe858504cca26221bea8194c057c6a62e16a2019c7ae4a7,2022-01-22,2022-04-22
e80658e1cac2d9bfc2a5f691c88d39ed762ecf5bab927b867e72d7fac20743d6,2022-01-11,2022-04-11
cc4bb0958398a538165ebed0388ac097e6138e8f4caa27c828edaf86d5e2d01e,2021-12-25,2022-03-25
d94bd3840a6bd8d4e7b6caf3de956bd010fd7e0b32919bbefc474ef50df1f376,2021-12-25,2022-03-25
199cf8ad0a3f970311ccdc985bf2e2bd5029efda58f1816ee652cebc6e304cb1,2021-12-26,2022-03-26
91618eef2d4533a6da6f2ec7474b1e3d5be3b0b866db2de7ee3785e108f59e44,2022-03-19,2022-06-17
f72c0efd0209fb3769347dbd10747ebcef58fdc1da80dd795b5c7ce6b0477773,2022-02-24,2022-05-25
f67c336d22114176912c0daed31ec08187c39acac25306f9b3d5f920a958a0b2,2022-01-30,2022-04-30
50a286c32fb704aefcffcf99e08d7db3b1413d487fd44c0c3c89079e45d76dd7,2022-01-31,2022-05-01
46e9c4612f5e49803c1aa1488cf5ba1082e3e251f03c5a46cf4c342df4727f2f,2022-01-22,2022-04-22
951792a16b72f7774f6e68bfa10f36eb94f99a1006d48c302f5a2386ba78cf14,2022-03-19,2022-06-17
568c0023ea8ad1fe0447857f72e187df0583e79de3e66b192c94ba87a152af13,2022-01-18,2022-04-18
2efb0ab8b9f9331da40db8c757bdfd04fd0450e96dd8ae748faecd7d5cc0f7a2,2022-01-18,2022-04-18
80061fe7897cb5658f3128651d74daa314975c87a6aafcce4d39d4c552ccfcd7,2022-01-18,2022-04-18
f52fd2e9fb019b71767e12b5eb4792602d587f350d8fb7dd4e30a513f753a3c8,2021-12-26,2022-03-26
8c5d82eac54b9d5ba97a1cc00b575cd5762744b9f80716cb8a32c4034ef68763,2022-02-23,2022-05-24
ac81676baa6355674306807f849c7c613e1b7008a0dfe6bc49388c21ece037e1,2022-03-22,2022-06-20
bc960123d2c084c8ddac81e96e8755f583d1e60b89db834844c3e230066888fe,2022-01-30,2022-04-30
c8ad9a86afdb58504291352be00f41f697e2ccbbe6eaf74d600d4175cb038dca,2022-01-18,2022-04-18
92e6322f431b98a92c33f27d1c9e6684fc5efd91515d413c7b26604da77a742d,2022-03-19,2022-06-17
bac3808c8f5ae79787fdc5a337d5218e4107f6594169d5fc2fd4bd9db297e08d,2022-01-30,2022-04-30
9d0d7a02f3cee3428e98f992f11220608f915f595150ca0af58967e4b82673ba,2021-12-25,2022-03-25
e1359e1c6e4c03b0953095abde0e1763de5de32c72dc230ed29d51a002732060,2022-03-19,2022-06-17
ab81f9839eea46451db662a67f40f501cb42511ab09f6fdbef8b6f61c32009e6,2022-01-11,2022-04-11
f0f9863c6c0d2cd79ce6813c57b6875ac98cac9ef40909832b51e6118552e29e,2022-01-22,2022-04-22
b4d0fa1e063dd12722977a69e367ff632decfb8c3ed6e0773bad28eef421e1e0,2022-01-29,2022-04-29
7a5394540396f4d62cff020f922d4337833bf16d7328372fe0b9e5b5b9b3a6da,2022-01-18,2022-04-18
203f7bea1928d7260f032f0410eab27acf5b20879746301888602995772abd8d,2021-12-26,2022-03-26
345259463d0d2a4ea5180c56ab3ca1b1b41c4c6c6412db24035248301c4a19bf,2022-01-29,2022-04-29
2e3dc26c3833e68161970d28e65f16a883c04efcbff48f6f385c52bcc4b2113b,2022-02-23,2022-05-24
5d84606aa2f809afddaa6b284a374fae1500c73155646db4c1e815bc0d55648e,2022-01-11,2022-04-11
42391be8a598e83fc50405d3971c60d4bb3bd6e04391a1461d924651e0dbeef6,2021-12-25,2022-03-25
460771a70a95e85a844d07a47158861f2bd3ab887ab292140aa3cab41c43bb5f,2022-01-01,2022-04-01
3472f0f152c13b7de0aaa10b69894c6c1bc8f7d4ed20c25bcebb3a5cab223033,2022-01-18,2022-04-18
660234924fd7d24698d73dafc4512da211a4cfcf5226ba72798f02edd40c3766,2022-02-24,2022-05-25
3acb13580f1607e9f5493217da551c7ef4ba0fc64a77a69d2f8034d3a729d9ab,2022-02-24,2022-05-25
2daff7970dcde855bdaa87cf595ed8b6928d4b02071148fda3f6f6ec5f86ec03,2021-12-25,2022-03-25
8a385ec22ac060300eea6d3d8df08a149cde13c592361688c1f68f3d14aff318,2022-01-13,2022-04-13
38cad4d42c7718692975c9a3744a4619429038ba4e5593851b4246e135daf7ee,2022-02-24,2022-05-25
9bfb9c69647deea8387ba983534533d7e06e9115832e5833feaa15cf70fb64ea,2022-01-18,2022-04-18
a539259a3b6df0d205bf4e20d80e01117c57d61f2510e6c1f4ebb82d93970e92,2021-12-26,2022-03-26
b1acd1e2bff0d1a66d46f6aafbce7cfc116d3bab8ffaa876be70fb3b8969bce3,2022-01-18,2022-04-18
51bd9bb4757bcb62a82b89134412ff3b58f0bb855427e6695e5df480d87124e6,2022-01-18,2022-04-18
a4eea1b68aaf34f464d3fd819a70e04a3c1632a62941bf1ce85e404721aa9c75,2022-03-19,2022-06-17
8c6c4ee117e2e01ee176eded90bae9762493d58145036d4d978ef69f28aca3a8,2022-03-19,2022-06-17
93f04119941c14d507816a49089b528531d808447f81b14f3e34e673f69f76f5,2022-01-18,2022-04-18
76ccf81457f93cccda5997330642825d970f937a4e2d1215c0fb342e4392c192,2021-12-25,2022-03-25
447b313e4d72b3c362e5a9a067e7ec3c39d898fefe9bd49dc51b0c1385819638,2021-12-26,2022-03-26
8f30759934b9587d9f4d9763a6b3265be09fc0859e7e833f6e0fe4b4ba7332fc,2021-12-25,2022-03-25
b8fb23657c4ad2e9722650bb9dd2687e0179aa873037620d8b5854236276468d,2022-02-23,2022-05-24
a4d126abef140330dbc31e4e458753c6ce5df36669fc8688c6f6e964d0fc021f,2022-02-22,2022-05-23
d7454588d055526618b90158f7999046a71814c1d6b14ca0fa1eb1503b18c605,2022-01-30,2022-04-30
07972587cc058462619b091a530887b2e0f81eaf25c5d060aa503414b2ddbe60,2021-12-25,2022-03-25
e4d55eba5cf49d34721192edf7882bb85b8b88965f05efb263d3d8cfb6f9ac87,2022-01-01,2022-04-01
c98e9534e90c2828e8c8de8bc9d232514edab3e3c5aa7f3b0f94bf29647f2fdb,2021-12-25,2022-03-25
968184ff5ec24bc8b6ca7c612cd05f9378c9f38e1835cf217933f6625af9dfba,2022-01-30,2022-04-30
925cb1ff6994cb95ead5e3f255595d39bb82758ff376cf5790c0496d6dd9ba29,2022-03-23,2022-06-21
a2286c940fe4185d0211e65324dcb88ba6a1690a8360a6aa165ffb5beaeecfeb,2022-01-30,2022-04-30
0588788542254ac1d12a1c8b2b05ac43c8d0fde82d9906f1c48b8aa5766ec7ae,2022-01-11,2022-04-11
021237d608925debf15216942f4e5bb302fcfdce8504d6cdf2ab316040c04e6b,2022-01-29,2022-04-29
daa83875ab073a5cafd10cbb3669f26c702fb2f3c444546643be4328c9192c89,2022-03-19,2022-06-17
afc82ed711bc807a7c65ebb82ba0cb0223f11d8b800811d072017ef26aa5c8ac,2021-12-26,2022-03-26
f3f04098d17010e1d217246c0f493c203d63c9c3e65d2edca1b9a53700660ec5,2022-02-23,2022-05-24
790b4fb5072d76d87b61331ee987e70fa32314b213a66e5a77834104279c0c17,2022-02-24,2022-05-25
9ab3a963097ea4da9f6b5e8e2c9cc7360e9b2c199866058aea75f116ac66cb3d,2021-12-24,2022-03-24
da88da43f53979e29d5ff4d0ccf73141b6a4b7134393ad135af01e1becfa53ff,2022-01-18,2022-04-18
ad3397ca90fe42a4ac3b40d066768bdf4f703772bb75ff878d8c5da7c2857015,2022-03-19,2022-06-17
4c14ba490e32f58cab6617c80edeb0bd1d4d98712d283a76a5efa49099caa246,2022-01-18,2022-04-18
f2f17c8d4775fd82d296766ea26e071fac550e8c05cce1d78f62b3cf988c9c2f,2022-03-23,2022-06-21
53493d264ec146aeb027365c0b5ea96040828aa9ed995d20cefd53737c968ba4,2022-01-21,2022-04-21
3a860d22a90d1d1a67b53df0e476fc2a971fb666d962a53d98900d5ad80b5f2d,2022-02-10,2022-05-11
0e3b45f9b5a731bbadd6f8a7a9ed7d9df34911243893cbcdd56494e0310dba9e,2022-01-18,2022-04-18
c7e911ab202326eb183e6b348c2dadf9df3a629cb75a2133c6e0e50fa4fa5b93,2022-03-12,2022-06-10
47495b537ca12f037a0b56041582fc48a6461f570b478454d9a44a3c4d9346ef,2021-12-26,2022-03-26
a2b3b0563b5832b973065eb6118c25c73b8af775b3bdb1f888735632e7fbce84,2021-12-25,2022-03-25
f58623b503ae2d330eab9752688aa861d0711977fd3223766955fb79ce7eb27f,2021-12-25,2022-03-25
ae9ef95ca1f1105145db66c753eabcd2d74c2c0529e8290a296111a2e105cfee,2022-01-29,2022-04-29
7621a51e0b46658b2530732ba8d82c94baa6df4de804e3a227c3eb579c334dac,2022-01-11,2022-04-11
e7df767fb76179172ef72b25fe36a1bc7af75462d88ed7c5e3ad2d6788131990,2022-01-30,2022-04-30
ebc07b29929267864c2a3c05cc72b10d6ef0e173c08f587947097a862477fabb,2022-01-18,2022-04-18
2fb3fde5d85337164ed58298cc8c9ea8eb909e672a817eb401758549599d9eff,2022-03-19,2022-06-17
4fb60d2694433701d6cb1b8f2e9b75c09dc5ac276e2e829852cdddb41e1d773c,2022-03-19,2022-06-17
ed256835bc9428b8c97f7ebc2e160c25dcbab632d5d9906fb9db63f13f2396e3,2022-01-11,2022-04-11
69152cd533632e21c192a5289a705a50a002276d73328428842def9297e41277,2022-01-18,2022-04-18
a6ea36a456352a7f5ce272b9ab36c0d111d26e35929bfcb9b8bf8672654f2b6b,2022-03-19,2022-06-17
06fc754710a9269a7d300134ab9aafae2e17b4faaeab47bb2ce3169365b00b1e,2022-01-18,2022-04-18
184039e907225a01e7a5c663f62390aefb97e8f8d6ab13e5c42578aefeb3fc5a,2021-12-25,2022-03-25
6099d10c70ec1d92c6fa8aed9f5c2682c15f2d2c549f2c0a3fc482b9c9e0a19e,2021-12-24,2022-03-24
8ca508c538d44c5331544e7f9c14d8ff31a7efc0b1a41a5a34cae14b0a2360ee,2022-02-22,2022-05-23
e5b086b6e9c161231931def2253a0eb0882c8d07fc793e7215608f46213f0ae1,2022-01-18,2022-04-18
cf18340136526bc8f4ed36499ef0623a9fe72a3749949c37bddc0c882b6f0747,2022-01-30,2022-04-30
d25b4b4f6457739624d6fa51a435e73cea7e5ab1a3dc9b8c324ee4a96cdf8e14,2022-03-19,2022-06-17
5bbaa8575ed4cb59214cd63d226000fe4ea53d48f6d33699f07746f51b2a4f82,2021-12-25,2022-03-25
e667ed7d578f0fe8b9ab57b70aa4a80d16cd2ea1b55f9200e9d5b9c8b3bde93a,2021-12-26,2022-03-26
c18576e20922319fa9f604347756e9e8affd6f5aa6aa065f7990a89c11cbb11c,2021-12-26,2022-03-26
daeeb3a6df384933b9788c626a3a8930b25ae948d28a269ab8f1e4e77562b857,2022-01-11,2022-04-11
2c99a13b9df4fb0b0acac5d58342b4eb9a7a41c95ffd6fa5694fd9731892aa98,2022-01-28,2022-04-28
0c8108429f1477dab77e6ba199726e8bbe938d0db9c9bbbeed093fe09645ec6c,2021-12-26,2022-03-26
0ab6b5ab5c615abd516ae3b64c9d3491d2edc56c113769f512e8386821da0218,2022-01-20,2022-04-20
f7a17ea46169f2110badad0f6205d3f587e77cb933861909e14f9b8e09750359,2022-01-18,2022-04-18
e77ea437d0be142ecec2ad14f2cccacfbe3b75f31cfa63718163ab7d1322bc74,2021-12-26,2022-03-26
65101e0b6736209c93416234a7fc4d1367f42178d45d7794f723bae022d6e331,2022-03-19,2022-06-17
eff52efd34c3a69ea33cab177b881d9fe9a252a74217ee571bd92e205f142ef2,2022-01-29,2022-04-29
b9b8dbbc38a845041475cd20abdc6ff06eedab7c2c43f89f8ab6393d8aba66cf,2021-12-26,2022-03-26
6aa289c7100d3a284dfd355167beb324e2dca258919131a750c803c5cb72f9c3,2022-02-23,2022-05-24
0f7ea902630cb9d6f93bf8d3d3a239ecc6ba9757aa7d9b8ea03011ca5d07aa39,2021-12-26,2022-03-26
bd583ae608e83cb1c8ef5d23513ba2b1bccaef3d0c8239b7007998e8092b29e2,2022-03-12,2022-06-10
197977f8d64dbf82760b871c4f70dae8f54e5295958b5b3a5985794216b15ec4,2022-02-12,2022-05-13
7a10f403d82d5a4c53f58e3c67073542453fcfe0de369717e1eda675ecbfcc50,2022-01-18,2022-04-18
c752101ac9f8c3e2f6ba095b37f050906f6c76b22a007e62840859e16b8ca589,2022-02-10,2022-05-11
183f4f882aef6fd33964ecb8e89d483baab362e65131a8b5839270fb7ee87fa1,2022-01-30,2022-04-30
f4a1d02f4e4c9a1cdfcd8ed655ad864d50f165fa64d891f6a29024b7d1ef4388,2022-01-31,2022-05-01
99a57b2c93cc8e44abae21bda51720e994c56cc4638fdd768f092e4bac2a1ac7,2021-12-25,2022-03-25
7bd60be2b782239af8c271879bd0de731c8923684c0bee7f4dfdcfddc72ea045,2022-03-12,2022-06-10
67796e70877534c04775ac5d56eaa044632c9ae9b9b85df7c528a8941e457d01,2021-12-26,2022-03-26
89823bef0f39a855d38cc28ffaf39308ba157c5330a1b7d6de20b9f8e62c9f9e,2022-01-22,2022-04-22
bc1acf64b3cf6497e596afd3ee9737af4f7753dfe79337ccba76954a7a5daf81,2021-12-25,2022-03-25
96e637ecbdaf8fb1bdf67d39f5fe7ddac808fb714423e6aef144a20c655f40dc,2021-12-26,2022-03-26
d11466d69baa67ad6980d5cca0edca524ba0c35b5696d5f91bd2872031758e37,2022-01-18,2022-04-18
9788912d39e351959c1cb2ee11a60f0e5b656aee87185092566e85ed89126ae5,2021-12-26,2022-03-26
4be439a13e57628b3fb0c384cd553d6e78e01fbed69d010542656654e5a229d4,2022-01-18,2022-04-18
73c9e1b6d19b0d84e3faff822bc35b0499c992738966f7089c11df529249317f,2022-02-24,2022-05-25
da244fdc0c788f6ddd3fb5ce742203c9947031c3b536d6b5e8483988c579aabc,2022-01-18,2022-04-18
2f173756788e4b586f61a76d3ee78aaa870d6efd9a0578df2081be537a1e4bf9,2022-03-19,2022-06-17
5c9c0ece62d2357235570dff97e69ba41fdd92465a54429c2046917741c34742,2022-01-22,2022-04-22
0541a052302f606e3d6f4383588eaf2da7c53f1054a55f30e9484837449893d0,2022-03-12,2022-06-10
362bdd73cb0d7dd9f37eac134da86df760d5a399aa074c086f9f8e697bbf614f,2022-02-22,2022-05-23
726a14a54792c3ba3015af52983d04a0829b0b274a75368c22120fab391724ec,2021-12-26,2022-03-26
f2904c46c154ed181e367de83afb927d460945125f881cb2c621935f0c7c5126,2021-12-25,2022-03-25
cd283844e7045523bf1d00c6f586b79d2455890bf9c88c5ba734b968c33152bf,2022-01-29,2022-04-29
3c365c9cf552c14dbfb42b702b240fc838a001a92bbabbd5ae45b4ae613bc393,2022-03-19,2022-06-17
f25e0fe62a2f39ed7ffa3fdb43859200f010175e4a8db353ee821c9afc6352a7,2022-01-29,2022-04-29
05cc8155cffe27e9e987ec19376864e2d500430267103384b048a1b2220b0e23,2022-01-18,2022-04-18
0f3328f38aace1e4846849b57d384fe195f9d94d74d38cae88b107a057d869e8,2022-01-18,2022-04-18
0c2c8558a7fa5b31155505705cba92942eb9dde9eb498819d3b0129bbaf95149,2022-01-29,2022-04-29
5a0a3e5189d9b0255cb5cf34419a619b493bfd75724bf142145df740bbca062d,2021-12-25,2022-03-25
a2de6a79fc328045e91f71cc167306140c44ff92b54fc1b08aaa3bd41072e1c5,2022-01-30,2022-04-30
8704bc7d390741acd7de614a66fc700cc525a9948fb1e35e79f05e48d83f363f,2021-12-29,2022-03-29
bbbf78c7e313d51668f484db5f76f925bc77819ef41ead70b0ac3a4826bd8f2f,2021-12-26,2022-03-26
df191faed15030de3a110325d03c650ed5321fc137212e85f85b5c4e1dcbcb6b,2022-01-18,2022-04-18
0d845c88061d3532945f0f14c19cde860e91f806c6bef4980b51a9bf7a1921d8,2021-12-25,2022-03-25
b77f4a0f1711622914206ba79b58dd4ba234166b36ae3411c38c492e786bd26e,2022-01-30,2022-04-30
3d541ad0f1d5d293c0200c0b11a27e2711f338c15e193f1c70af617f71128fe5,2022-02-24,2022-05-25
0d901fd53f7d78816cec6658b6657bafdaecfb56307f113573dfd1bcec0667cd,2022-01-30,2022-04-30
955e4db91415df9307b93185c28faa2ef91f7d7ae92da4fe713ffbe2c78ab7a0,2022-01-29,2022-04-29
dd2a60dc69019e11896f191b2ea1d5a6b0fbcabda5a9e280f617eead1404c6a7,2022-01-18,2022-04-18
ab185247b802c3c44317f5c097ab5cb9802bc24756a455fd8b4e2ffb9a621463,2021-12-25,2022-03-25
9ccdd895a89b46c1d57fc1ab66ad97f5ce20c904518de3b826def32c8686fcfc,2022-02-21,2022-05-22
ee300ebf11be8189425b6793a95e70cfea6bd5ca3072a966eca0a7c0dc28a4be,2021-12-25,2022-03-25
5294b5821bd0b63131608e707d0c1aa791b42cf67700b726a0087bc8731e779d,2022-02-23,2022-05-24
aab8a26237c159132a5c0c01f7964feeb74853a4a4875bb3c00a8b7956aa41ff,2021-12-25,2022-03-25
759fe8a17b7dff5dbf84f45f00078eb23f53ecb5d9224067576c80b9c5bc14f7,2022-02-24,2022-05-25
b98189e4b8ebb35a0b7406aed3105f36f47758c83006f40e1e64f4c5e06f76f5,2022-01-14,2022-04-14
a91b1ea73cfdc4adca496d8303d71e4d027e5dd70092d14d1d259e74cd1c1310,2022-03-22,2022-06-20
70a77ecb23f0dd132291b9137af9e74534fb4c1c3d5b876cd8cb33c51298543d,2022-03-14,2022-06-12
646afd21d77986929fd3425e0bc18f5605da58c4e1d6608f98846d81df2079bf,2022-01-18,2022-04-18
5aab8d4ad9dc2485df29600e4d1a57bf727f1f1a3a4bdc90ddc417a964d4e7f7,2021-12-26,2022-03-26
32619fa0ab8b78095357aee93afebd66b5b645bd527a32d99074300d0e858487,2021-12-29,2022-03-29
6d36f1719f2bc4a8e7f08989cdaeb1e9e27fc83a9cdae708a61de9fa66afeff1,2022-01-29,2022-04-29
b0c8cbab747eb0a84c65ff8ac53fd63f8970ce9a8630a7d2c17fb500fca0a8f7,2022-01-21,2022-04-21
cafd0c68b1c63f1c33b2a5e8b827b56f6c38228575b612d3e25d7d503086ae93,2022-01-18,2022-04-18
f1db2cce06fb20e51c73ad352f4567524cdd399d77747d25bdc72d26dc5a924f,2022-03-19,2022-06-17
a244038436e1fd1c20695c855349b8269ca96e6f400e77fc97d13758f232eec0,2021-12-26,2022-03-26
5f71d9986d83c0fc60192a660cd5f821089c731ac78a4ef49361fd46bb4688e9,2021-12-26,2022-03-26
4161cc222c5e06f8432f81b7b65785125541925ee61993504a189ba36387ff1d,2022-01-31,2022-05-01
f3939197e9abeb5d4aa93f37a90094a6b5f5232848e926f1fdf35a5485c9a6b0,2022-02-10,2022-05-11
7fbeac864398b9e020de00bc79eaf0417b37ef44646753839bded13608279886,2022-02-24,2022-05-25
0674641f03b5155341c044fbaca59d1c176fd60e5b449e8c16c8f85908773d2f,2022-01-22,2022-04-22
5286e64fa7774312d24fa189fc321fa294094d5be9e53e658630bb9650a62590,2022-02-22,2022-05-23
27b455da82d1e684589fda2f42fc2e77b6c281517b7a2c83ad1bdce99707503c,2022-01-21,2022-04-21
a033d6b604ece9bfc0250711eea2c440304ab0c4459d0ae1662441cf6044f3f7,2021-12-25,2022-03-25
2cb29876a4fd3f09744fbe93678b8d920b799fea6707c87605e0609e78a5d0f3,2022-01-28,2022-04-28
2d276488b64204183255b6b9673db202ea1a63346552a6b08d677f3ce153d3d5,2022-01-29,2022-04-29
6ff1c5bdd5e66148a9e8ceec580e51eec4d34d83d640a56f0db8831ad64f5fd1,2022-01-22,2022-04-22
1a204701761b789423777ce9e0d29f229c0ed3585a066bfc07177bb8c9841c00,2022-03-19,2022-06-17
e9a74f71c9acab3cd5ceaecf0eb8de463b7b38d93aa55501c621e81ffe93fc60,2022-02-24,2022-05-25
bc9fe38e5999a92ad2b850e9ab0ea5554b2ae95adab1676b089e6d151e201e6d,2022-02-23,2022-05-24
0e58dc8138cda861280b703e52a6b464a510d101944bb6dc60b8fc7a6a1a3b47,2022-03-19,2022-06-17
562a1970ab37339a945f23bcefd8ce9df14b070ef83fae82b1d7013e63701842,2022-01-13,2022-04-13
f6e3a9f21bb20987a211cc1b2f44b41f9d51debbe30925d4571c9868a9cfdbb7,2022-02-23,2022-05-24
74c4eaac33880dd042b77c62898fd797e34f3c9e84cc680ed85dbc4a57d51777,2022-02-10,2022-05-11
5fdc5797e023ed96dd29137eb8ab8f94d058e29a316533367da39476f6bfa69d,2022-03-19,2022-06-17
c263a9a922ecaa1c9221b6bd48408aed69d8425d8f62db8b95ec27bbb0b4c1b9,2021-12-26,2022-03-26
1a545b23d219713d27b8e14e645e7256131bb281957dedbde7b6618a1b664939,2022-01-29,2022-04-29
d615bc2270afb5a9cbe1635cbe6a4f97c5047d760b8f019882e845bc89501f1c,2022-01-18,2022-04-18
610b0c11bbea73f1df32743102de8f03fddb30db2692dc9f9ba69f995706bebf,2022-01-30,2022-04-30
4054696200fc0096c4032b8793441b8abf77d9d13cbe0ed4b4dd72d94f5ed3f2,2021-12-26,2022-03-26
506f9a31a3bc4d759fc98c59c677afa1016b64a29700cd517f23d415c9ad97c3,2021-12-26,2022-03-26
d3a58d4ba687712518533b6c4182deb727e9d6389dbe59befa1dfd9a3f23e596,2022-02-21,2022-05-22
b46767fcf3c4ee590c5711a128881cb3c9242c929f78274d296701706f742129,2021-12-25,2022-03-25
df3dc35af3c7e5c52aae032b1887c1b10a3fd6383f357e3593b0dd9c88c43780,2021-12-25,2022-03-25
538f616f9a6c0c4ccdf6e9ff2c53fe1528b59f6cd2a66b4aa049e0e939a30f38,2021-07-07,2022-07-06
794938cab90bdbd9da81ffd32213bff8bdaa17b4ffc6635bf4406cd7cdda6da6,2022-03-19,2022-06-17
1e91ead33ba4858683b14e3bd083e733e55af5169e6d3053ad88785a677bcaf5,2022-03-22,2022-06-20
8d0bb6b3f92058da065fcfacd2274cdea09d6ca69fe0da4919bd5451b0aa393d,2022-01-18,2022-04-18
076697b990c2f2d7a28f49cd948f4a4278ab9fcd1aa3a624ab1937fc61bbfe73,2021-12-26,2022-03-26
430d0a12122bacf380249a9a83b8bd62f30606bf17d22b58bc35e099d68189cd,2022-01-20,2022-04-20
a8dbcb47718f929614cd2921dbc502b38e22225ba086557f2446ae8acce631fd,2022-01-21,2022-04-21
a85000a28025fdae44438f0b503760f0d28116d97dcdf33561e782be8a8dc1c6,2022-01-22,2022-04-22
10b37c0f15b882756daba00587c93f75c02dab7ba06eb8badf2064d0033e224e,2021-12-26,2022-03-26
feb37c2da923aa760f17174028ddd25acf24669438580a6727a7dfd07b73901b,2021-12-26,2022-03-26
c3eaafe95005ca7a0f65a2080a83af4ecd8e120391920c00f57a4b5bf58dcbc0,2022-01-21,2022-04-21
a5850f09a748e594a732b6e996edcb704539e0b2d8b50042d05e86390d35d09e,2022-02-22,2022-05-23
d974836a6692a14af62a8f91b0cae2e7c93679ed9ac81867f0607f6b4b069c34,2021-07-07,2022-07-06
0e7cfc48a4eb8f66a1b39901e283a2cccea536ea8d3dad7bf33003eb6ac12fae,2022-03-23,2022-06-21
6fc74a7fed651f6249d4ea2b425711573ca9a546311ad9b3bd0e155699b4b019,2022-03-23,2022-06-21
804827e214a6ff2436efcc8c39043d6375391426c7b76de2917c452329346b4b,2022-01-19,2022-04-19
447bc280c1ca1b2b61b6951d1bec495a116d13ee054992ea5651b9f7f8d312a7,2022-02-24,2022-05-25
f5938ec5b2b216617a0715d59746c84d6826944d104072dc36816b55faf24a9a,2021-12-25,2022-03-25
c9b1e5fbc9b2211cad6866c7ef6f01bea598ff3f50d9108bfa191e802db2222b,2022-03-23,2022-06-21
2557f48239a549084c11d8358fb258807bb3aa7b37900f195764fd30c41b047c,2022-02-21,2022-05-22
590de040bc64c40c2056ec22fef4295ebeda596920a87cb5baab429ee63c4086,2022-02-21,2022-05-22
3b1ec6086c3825d75acefde06b79181bb626c86ebdc06b174156773df86ef7fd,2021-07-07,2022-07-06
50fe802927e7232a57906e3c6d570f5ad5ad53144fa01b625f11452f29fad6dc,2022-02-21,2022-05-22
4f537702eab66725bb9805e63f2df4967dd4b694e6691a20e6213f60e5b3aa52,2022-02-21,2022-05-22
71319c0f29349714c239761fb0d2c0964dc417a616e53b51f759585dd4fb9958,2022-01-25,2022-04-25
93a705b598ca9259c554163b020f82f5c02d531e62cc23884cc1dd9a72a16d7b,2022-01-25,2022-04-25
f0f1cf6c35577b093da2f26cfd31d35e23c49d64072594620e6525fcb06fad35,2022-01-18,2022-04-18
eff92c9a303b6699b585f7a086c27ba161e9cda1a5ffe38cd69f7a35e345da85,2022-01-20,2022-04-20
e35514890de7d2ee24962c7005508a51612ac7edab34f61d9a343e6ba6026f93,2021-12-29,2022-03-29
5cb3318775f9e2b2d7e6026d4c805f06c0a29d95e3f03836dac37a2867f29117,2022-01-18,2022-04-18
6ce4a26a073fa77cdfe06f0db604f6a574d2636564ce18619a9b4e63367b5aca,2022-02-22,2022-05-23
a7e106b324673c44e90d1c9370e5f90738848c608260747ed197fbfe1a42b7fa,2022-02-10,2022-05-11
852f6942729317b323d33254b650239a59ee91bdb80111846fd9d4430815ef19,2022-01-01,2022-04-01
da373c0f4d097aaeb8f8b6f58bdef7f35e7ca8fe97e971203624880936a96b9a,2022-01-18,2022-04-18
42794d04dd778b58160bc7fcf573c6c234da7d935f1ca6966f6d2622e26650b7,2022-02-22,2022-05-23
0d13833b4d67c7d02cbe04aa3924cf445f370f8fe9cc7c5e299ce4b8dbf7b3b1,2022-02-21,2022-05-22
7ffebdcc485c0c01cf4d324e6849263949f690768b6abf6cc8236c3a2cd604bd,2022-02-22,2022-05-23
24468953c9576c08f6c4a32cc45678105626ada3085cb37a1f85472d98b91a55,2022-02-21,2022-05-22
3c541718c5e922cf9496b61dd593a2ff3c81569925de8fe32c93ec278aefad26,2022-02-21,2022-05-22
7b5bde00bc1582fd864e686296dede8d2e730ba9eb3f6996c9710e0eaa80cd96,2022-01-25,2022-04-25
192f3249796aafe83eb02cbd902eae90fe09a5b882fb7ce2056607b56e83c6e0,2022-01-14,2022-04-14
d01dd01d8b480ee710db219cf99bbb19765de175489d12d0d06d55eb39d2b11c,2022-02-21,2022-05-22
c2885fdd5038217739c2d1e5bf636db5a621b468fbf1d7d6b47decef77009e07,2022-02-08,2022-05-09
7078523481d7d132b8d196fa205d3d6683955bb929dfab5246a6aa5a2b9a5b40,2022-01-14,2022-04-14
14ff191e6a1a83c13b05d9b0ec86137527539a5397f0ed2210ee1bdadb7669e7,2022-02-21,2022-05-22
edee903105d514e6a566b0c04bbfddadee9b2cfc548d36eb892053119bd9dedb,2022-01-14,2022-04-14
cc54621b52f00f7bec803bc5f04421201acea421913e18c840382740b3d9fd1a,2022-01-25,2022-04-25
9603b49e310ae0401195452c1cd572efefab7778ada70a1f518a1faadeaedb15,2022-02-22,2022-05-23
0e86942b349bf866267515afc37b7aa0cd6881e669e9a366be08dba16ad3a9c7,2022-02-22,2022-05-23
a1bd2952c1ce47faaa497384bb9beefc04c63623361d45567a436bd121d49213,2022-01-01,2022-04-01
6b335eb4586e72d23dfc2f9bfb8128a5728e0a22ac2b06565becd4dd8bad0531,2022-03-14,2022-06-12
a738d1ee9b2a65df8de16aa951b6d6708c4e0ca86b26d67f098eec205cef5774,2022-02-08,2022-05-09
66e3a04a59f97a101dc4ed267992b21ffb14ee6e35611ffc43576eb9b7323bd3,2022-02-22,2022-05-23
541dbe35c32cfc5b8f2229b08fa6cb58a1fe7d7502308e5fc914441752fb3e9a,2022-03-14,2022-06-12
1a9961c76a3f835ab657c1750b565ccde80138c7a088e1d24ca38992f672301a,2022-01-14,2022-04-14
da13de7fcfdb12aa6939707eb74127a8fe7c077e9c5253d016ded61d3b7bb324,2022-01-19,2022-04-19
4d1c9b91d63b67d5fe15ce23eeb5bfd3c9adf429f445aa3ceb33427e196d8996,2022-02-21,2022-05-22
029ea256e0657b361ccf08228781eb7047cff425edffaf7c832600dcb425968d,2022-02-22,2022-05-23
a41fe7d4d58d6ee3759053b228f6c1efab82fb4e1e358799843700492249710a,2022-02-22,2022-05-23
d912c109cd8d6192e6ac9dc5fe4a52896e2dcf2d192502f060a6094d23065a46,2022-02-22,2022-05-23
2dc71c093da5b6e6621cbd8fa3648519ec2be484a7295f3b755220fbdfc41ddd,2022-01-14,2022-04-14
67fe1a592334e9ab3c3eb29996053982a70c2e1de87fcb09171fcda6e97686dc,2021-12-29,2022-03-29
693f29926cb23cbb2c1dcccfc7e7d61371243d985c2f3ea9d107cae6494146e4,2022-01-13,2022-04-13
75c2fe15fce738ed2f5ef44418e44f752e888adaf900929d07025ad4e9f61953,2022-02-22,2022-05-23
64c070222c8370d19c4530c1f1f32c4025247c05dfce699f180ca826952680cd,2022-02-22,2022-05-23
d9e8a91e02b05baf6f59359a9df54484b7ee49308a62a1155995bced587127a6,2022-01-27,2022-04-27
685896cbf3a19b913337d5a4b75c626a154630504e116efa65ec4a03b7555b5d,2022-01-27,2022-04-27
